img,time_bomb2
031940_3M53.JPG,0.002368450164794922
027529_01M62.JPG,0.002307891845703125
035285_2M53.JPG,0.005629301071166992
034280_00M56.JPG,0.031850337982177734
035735_04M58.JPG,0.023883581161499023
034913_1M54.JPG,0.023895263671875
035285_0M52.JPG,0.023908138275146484
035838_4M53.JPG,0.027863025665283203
031494_0M56.JPG,0.023929119110107422
037372_0M51.JPG,0.027855634689331055
022066_01M64.JPG,0.027896642684936523
029417_0M56.JPG,0.02390575408935547
022066_02M64.JPG,0.019870281219482422
030316_0M58.JPG,0.023891210556030273
035838_13M53.JPG,0.02388620376586914
028302_2M65.JPG,0.03189826011657715
035483_1M54.JPG,0.019882678985595703
030067_00M58.JPG,0.023877382278442383
027017_1M58.JPG,0.023895740509033203
033822_4M61.JPG,0.03187203407287598
035625_11M52.JPG,0.015911102294921875
035282_0M56.JPG,0.023892879486083984
035708_00M56.JPG,0.023907184600830078
035537_00M54.JPG,0.023900747299194336
034907_5M55.JPG,0.02387261390686035
035504_1M52.JPG,0.03189253807067871
030583_03M62.JPG,0.019880294799804688
037948_2M55.JPG,0.01538395881652832
029783_00M65.JPG,0.015926599502563477
035650_1M53.JPG,0.023897886276245117
035479_2M54.JPG,0.023895740509033203
036051_2M54.JPG,0.031888723373413086
037948_0M55.JPG,0.0158998966217041
033265_3M58.JPG,0.02161240577697754
037882_03M55.JPG,0.02616286277770996
036804_1M52.JPG,0.023696422576904297
031940_2M53.JPG,0.032094717025756836
035198_1M54.JPG,0.01990222930908203
035702_0M53.JPG,0.023888826370239258
035005_6F56.JPG,0.02388930320739746
034108_1M62.JPG,0.02389812469482422
037747_0M50.JPG,0.01989579200744629
032572_2M54.JPG,0.023897171020507812
037710_0M51.JPG,0.023893117904663086
030624_1M64.JPG,0.023889541625976562
030380_0M64.JPG,0.027894258499145508
032876_0M59.JPG,0.019895553588867188
035557_03M54.JPG,0.023889780044555664
019066_4M69.JPG,0.027890682220458984
035005_5F56.JPG,0.03188800811767578
031153_1M55.JPG,0.01588606834411621
035143_1M56.JPG,0.023884057998657227
027288_6M61.JPG,0.027919530868530273
034347_0M57.JPG,0.02386951446533203
032521_3M56.JPG,0.02387714385986328
025561_02M63.JPG,0.02389049530029297
036051_1M54.JPG,0.023893356323242188
028520_1F59.JPG,0.023897886276245117
031940_0M52.JPG,0.02393627166748047
035838_14M53.JPG,0.02384662628173828
029908_1M58.JPG,0.0199129581451416
032521_0M55.JPG,0.02788829803466797
031799_1M55.JPG,0.03190326690673828
035400_02M56.JPG,0.019894123077392578
022066_00M63.JPG,0.03190207481384277
033265_2M58.JPG,0.02788257598876953
034913_0M54.JPG,0.019897937774658203
037948_1M55.JPG,0.019889354705810547
027324_02M67.JPG,0.023888587951660156
032259_1M57.JPG,0.02789473533630371
033822_2M60.JPG,0.015892982482910156
037636_0M59.JPG,0.02789783477783203
033822_0M59.JPG,0.019896268844604492
027017_0M58.JPG,0.019888877868652344
037747_3M51.JPG,0.031891584396362305
035400_0M53.JPG,0.023894309997558594
027930_0M58.JPG,0.0198972225189209
030380_1M64.JPG,0.023949623107910156
037276_0M50.JPG,0.04386138916015625
035838_1M52.JPG,0.027788400650024414
026988_0M59.JPG,0.027884244918823242
035557_04M54.JPG,0.023892641067504883
033893_0M58.JPG,0.01990485191345215
032377_0M61.JPG,0.03189587593078613
036487_10M55.JPG,0.02783346176147461
032876_1M59.JPG,0.02788519859313965
033825_1M61.JPG,0.023906469345092773
035625_9M52.JPG,0.02385401725769043
034727_1M56.JPG,0.015901803970336914
028302_3M65.JPG,0.002351522445678711
035838_11M53.JPG,0.07740974426269531
019066_2M69.JPG,0.03179788589477539
035839_2M54.JPG,0.0278778076171875
027930_1M58.JPG,0.023888349533081055
037372_02M54.JPG,0.02389693260192871
025119_1M60.JPG,0.023901700973510742
036342_00M53.JPG,0.02365422248840332
034347_2M58.JPG,0.032124996185302734
037156_1M52.JPG,0.01990509033203125
036487_2M52.JPG,0.023889780044555664
